full_text,sentiment
 ada yg sepemikiran ternyata kalo bahlil mirip smeagol,negative
bener perihh lidahkuu jirr apaa ak di adzab karna ngontolin bahlil ymaapin pak uda dong sakit bgt ini,positive
orangorang kagak jelas kaya budie arie bahlil dan beberapa orang lain itu bisa jadi menteri modal jadi projo belum orang ga capable banyak jadi komisaris ya dimulainya era jokowi benerbener bajingan,negative
  gus bahlil alpapuani,neutral
 kalau bahlil ini masuk golongan udah jelek tolol pula ,neutral
emang ada yang mau nyium bau si bahlil,positive
  bahlil mendunia,positive
  kalau yang ini bukan abah bahli tapi gus bahlil memang orangnya agak mirip ,negative
 aku ngucapin krna lewat tl dan takut mimpiin bahlil so happy bday ya wish u all the best,positive
  kita sefrekuensi kalau soal bahlil,negative
tapi pak bahlil gatau etika ke rakyat,negative
aku pengen ngatain bahlil ,negative
  bahlil ketum parpol ndak mungkin kena resafel,negative
semua salah bahlil,negative
 bahlil kah anda terkenal,neutral
 bahlil tolol,positive
bahlil anjing gas kg rebuan apaan,neutral
ga bahas yg ganteng belum tentu cerdas hati masyarakat lu udah jelek menyengsarakan rakyat bahlil,negative
 ad pa bahlil di belakang tu,neutral
oh benar timur tengah punya kahlil gibran indonesia punya bahlil gibran _,positive
 bahlil tau etika tp syarat amp ketentuan berlaku,neutral
  sori ya bahlil coba jelaskan mksd anda etika tsb ,neutral
 jhat bgt elu tmennya bahlil yh,negative
 pengen juga dong atasan kek bahlil,negative
 bahlil lahadalia ,positive
 kanda bahlil nih kanda you know who gimana    ,positive
di cfd ngeliat mas² mbak² pegawai shell suhat yg biasa w isin bensin jualan oli ya allah bahlil babii bangsayttt,positive
 labubu yg mukany bahlil ada gk,negative
klaim  saldo pas install apk shopeepay caranya upgrade ke spay plus login dg akun shopee amp masukin kode referral ffjwvwp diskon promo freelance job receh zonauang prabowo tom lembong gibran bahlil jokowi purbaya anies budi arie program mbg  ,neutral
klaim  saldo pas install apk shopeepay caranya upgrade ke spay plus login dg akun shopee amp masukin kode referral ffjwvwp diskon promo freelance job receh zonauang king emyu bahlil liverpool projo dalot amorim jule samsung aqeela renjun oscar  ,neutral
 bukan bahlil,negative
  mesakkke wis koyo junjungane bahlil bukad saiki wong berkata jujur malah dikriminalisasi,negative
 tapi pertanyaanya adalah emang bahlil cerdas keputusanya kacau balau disertasi gak beres cerdas dari hongkong bahlil mah udah jelek tolol pula gw gak tau ini goblin muncul darimana kok bisa mendadak ujug jadi menteri,negative
  bahlil lahadalia dulu kurus karena kemiskinan dan busung lapar saat muda kini dengan kesuksesan sebagai pengusaha dan menteri penampilannya berubah jadi lebih sehat dan hensem berkat perbaikan gizi olahraga dan gaya hidup otodidak ia belajar mandiri dalam karirnya tapi,positive
menteri energi dan sumber daya mineral esdm bahlil lahadalia menaikkan tunjangan kinerja tukin aparatur sipil negara asn kementerian esdm sebesar  persen ia mengatakan keputusan tersebut sudah mendapat restu dari presiden prabowo subianto beliau presiden ,positive
oh iya semalem aku mimpi bahlil dibantu skz blusukan kirim bansos aneh bgt jir mana bahlil mirip goblin gitu cebol pendek,positive
 ledakin plsss gue udh di tahap mimpi el maja tp malah dispam ikan bahlil,positive
klaim  saldo pas install apk shopeepay caranya upgrade ke spay plus login dg akun shopee amp masukin kode referral ffjwvwp diskon promo freelance job receh zonauang prabowo tom lembong gibran bahlil jokowi purbaya luhut anies budi arie hapsun  ,neutral
  ga di edit muka bahlil nih,negative
  ya bukan berarti bahlil ngga salah lah dua duanya punya kepentingan yg sejalan,negative
 karena bahlil sadar gak bisa kerja cuman omon² jadi dia paham dengan cibiran netizen,negative
 bahlil vs bahlul,neutral
bahlil dah lah jelek rakus dan licik pula ewwww,negative
kalo kata ku sih putus aja ya biar sabine intropeksi diri dan coba berdamai sama trauma trs si bahlil ini nyesel ntaran ,negative
 jujur slide pertama kek bahlil waktu bulutangkis,negative
 sbg penggemar lotr sangat keberatan sih smeagol disamain sm bahlil,positive
rp  saldo dpt pas install apk shopeepay caranya upgrade ke spay plus login dg akun shopee amp masukin kode referral ffjwvwp diskon freelance job receh zonauang king emyu bahlil liverpool projo dalot amorim jule samsung aqeela renjun lando norris ,neutral
ya tuhan tolong angkat batuk berdahak yang sedang saya alami ini dan pindahkan ke bahlil,positive
 iqdam duet sama ust bahlil,positive
  lu diangkut ama bahlil,neutral
 dlu skrng mungkin masih ada sentimen ke chindo mereka penguasa ekonomi tapi ya mungkin mereka emng rata lebih well off di banding suku lain tapi sama aje bnyak yg susah sama kayak kita bagi mereka si yg kaya tuh  dari keseluruhan apalagi skrng ada luhut dan bahlil ,negative
menteri esdm bahlil lahadalia maafkan pembuat meme minta sayap partai golkar cabut laporan menteri energi dan sumber daya mineral esdm bahlil lahadalia      ,neutral
 belum tentu orang ganteng itu bahlil,negative
 awas lo ada yg ditangkap karena meme bahlil,negative
buat bahlil cuci muka kali,neutral
ini kata menteri bahlil soal pencapaian sektor esdm ,neutral
 si bahlil gak belajar dari ppp yg nyungsep di  karena memunculkan kembali mantan koruptor si romi romahurmuji,positive
 branding akunmu akun pribadi dengan fokus politik indonesia meme sarkastik dan opini seharihari seperti cuaca atau isu aktual misal golkar prabowo bahlil rate  alasan konten konsisten dan relatable tapi engagement rendah followers  likes minim saran,neutral
 berat bahlil,negative
 bahlil si petualang,positive
lha itu juga nemunya gak sengaja menteri yang diusung ramerame mah bahlil nusron ara pigai raja juli zulhas yang gitugitu deh,negative
 bahlil kapan tobat sayang ,negative
 bahlil itu imut tp cerdas klw gak cerdas masa iya bisa jadi mentri,negative
sender goblok tolol bego kayak bahlil,negative
 pertanyaannya kapan ya rambut abah bahlil gondrong biar tambah ganteng,neutral
 oh wajar si bahlil gak di pecat ya,negative
 giliran nyebar meme bahlil malah mo di tangkep,negative
enteng bgt cuman kpop tp coba deh kalo mc nya disitu memb gg gue ga yakin org ga ngamuk liat qrt begitu memb gg nya pasti udah disumpahin macem dan kesalahan dia pasti bakal diinget terus sampe bahlil berubah jadi bayi bajang beneran,negative
 bahlil netanyahu kolaborasi lokal dan internasional,neutral
kak jangan lupa dilanjut ya sebelum aku telpon bahlil dan sahroni ,positive
 garagara si jelek bahlil tapi  masyarakat indonesia setuju,negative
bahlil ganteng juga ya,positive
 bahlil tidak semua orang kaya itu cerdas,positive
 lah lo bahas bahlil gw jawab dia s lo s  tahun fakta nulis di media udah jaman s dan gw lupa filenya kalo mau nanya karya gw skrg liat google scholar n perpres  tahun  itu salah satunya gw tim penyusun,neutral
 apa mau bertiga aja bareng bahlil,negative
 tw bahlil khh,positive
 kirain bahlil,negative
 kanda bahlil viral jalur meme etanol,positive
  dari kelompok nya bahlil ya parte golkar ,neutral
  lebih mahal  kocak lu dasar bahlil,negative
  dajjal  israil  fufufafa  bahlil,positive
kalau pembuat meme bahlil di polisikan apakah pembuat meme polisi akan di bahlilkan,neutral
dapatkan bonus  saldo pas install apk shopeepay caranya upgrade ke spay plus login dg shopee amp masukin kode referral ffjwvwp diskon promo freelance job receh zonauang prabowo tom lembong gibran bahlil jokowi purbaya luhut anies budi arie oscar  ,neutral
 bahlil lagibahlil lagiemang bahlul tuh kasus ,negative
gue ngakak terus anjir kalo masalah meme bahlil ,positive
 ealah anak buah bahlil bawahan sama ketuanya sami mawon,negative
 bahlil kamu dihina bukan krn jelek saja krn kamu culas korup jahat penghianat curang jahat dan jelek,negative
 abah bahlil pendukung bahlil jadi anak abah juga dong,negative
sumber detikfinance  cb dicek hayo bapak ,neutral
 dia sadar diri jelek wkwk bahlil udah jelek malah mines di segala hal wkwk,negative
   bahlil segwra copotkebijakannya gk pro rakyat,negative
bajingan rashford memasak ,negative
cape bgt ngelike in komen hate nya si bahlil anjg ngakak ,positive
beneran dah diketawain mu loserpool loserpool,negative
bila ini terjadi sungguh tidak ada tempat untuk orang baik di negeri ini berbahagia sekali jkw luhut bahlil,negative
labahlabah bahlil,positive
 awali pagi hari liat poto bahlil y kak,positive
 bahlil suruh jadi penterjemah,negative
 saya sebagai org ganteng merasa terhina akan saya tuntut kamu bahlil ,negative
inimah bahlil minder liat kelakuan dia,negative
 kalau saya hirarkinya dari yang paling buruk kinerja  pigai  bahlil  fadly  widiyanti  raja juli  nusron  budiman  yandri  ,negative
 azab tuh timline lu keluar bahlil trs,negative
klaim  saldo pas install apk shopeepay caranya upgrade ke spay plus login dg akun shopee amp masukin kode referral ffjwvwp diskon promo freelance job receh zonauang prabowo gibran bahlil jokowi purbaya luhut anies budi arie ningning trump  ,neutral
  bangsattt kenapa jadi bahlil ,neutral
   ubah singa itu jadi mirip bahlil,negative
iblamecamus rafaaaptraa philloo_ on ig penipu handal xixi tiati gusy yg kenaldeket sm ni orang ew rafa muka kek pler bahlil jamet jelek penipu,negative
 awas lu ditangkep bahlil,negative
ini aku share bcandanya km marah gak marah jelas ntar ketaun betapa bobroknya role modelnya enjin yang suka fancall dan konser ini yah reputasinya miring dong kaya bahlil,neutral
 jude bahlilham ousmane dembahlil kylian mbahlil pablo bahlil,positive
aing kira yg nomer satu tuh bahlil tapi diplesetin,negative
sumur rakyat yang pengelolaannya dilakukan oleh rakyat sendiri pasti tidak mengikuti kaidah keamanan industri migas yang sangat ketat pernyataan bahlil adalah pernyataan orang yang tidak pernah bekerja di industri migas,neutral
rp  saldo dpt pas install apk shopeepay caranya upgrade ke spay plus login dg akun shopee amp masukin kode referral ffjwvwp diskon freelance job receh zonauang prabowo tom lembong gibran bahlil jokowi purbaya luhut anies budi arie lisa ,neutral
dunia ini isinya kalau bukan bahlil perselingkuhan,negative
dapatkan bonus  saldo pas install apk shopeepay caranya upgrade ke spay plus login dg shopee amp masukin kode referral ffjwvwp diskon promo freelance job receh zonauang ran takahashi prabowo gibran bahlil jokowi purbaya budi arie ningning trump ,neutral
 wkwkwk tambahin bahlil nya kak,positive
mengandung bahlil,neutral
 selera bahlil menutup kesempatan bagi kader baik  dan menunjukkan sikap kepemimpinannya memaksa jutaan kader dipimpin koruptor,negative
  wkaakak ini dia akar masalahnya harusnya dia copot bahlil,negative
  hisap gigi bahlil lu ga ngerti akar masalahnya sih mikir dong,neutral
  bukan ngebuzzer setiap keputusan yg bahlil ambil adalah tanggung jawab presiden jadi lu kejar presiden gemoynya yg salah dia knp milih dan mempertahankan bahlil lu koar ngatain bahlil tetep aja mana bisa dia bisa petantang petenteng bgitu tanpa restu presiden,negative
  bukan nyebokin yaa setiap keputusan yg bahlil ambil salah benarnya adalah tanggung jawab presiden jadi lu kejar presiden gemoynya yg salah dia knp milih dan mempertahankan bahlil,positive
  yaa bukan ngebela yaa setiap keputusan yg bahlil ambil salah benarnya adalah tanggung jawab presiden jadi lu kejar presiden gemoynya yg salah dia knp milih dan mempertahankan bahlil,positive
 gua bukan belain org gila kek dia tp lu bisa ga sih analisis akar masalah bahlil segoblok apapun keputusan dia dia ga pernah tuh dicopot sm prabowo jd yg goblok dan sehsrusnya kita tuntut siapa bahlil apa prabowo,negative
   yaa isinya sama org jg pada goblok ga ngerti akar masalah bahlil mau segoblok dan sejahat apapun bkin keputusan itu atas restu siapa ya atasannya,positive
  engga coy jarang org fokus ke prabowonya pdhl sumber masalah utama bahlil tetap menjabat,negative
   lah kok kesimpulann lu goblok yaa tuntut prabowo copot bahlil kocak,negative
 halu nih bahlil,negative
 dihh cak keiyoan nian kau bahlil banyak bekaco bahlil kau tu di hina karna gawe kau buyan olo nian,negative
 info cara sobek mulutnya bahlil,positive
  hans gw pukul lu ya,negative
 orang yang ngehina ngetawain dan ngejokes pak bahlil pasti belum ketemu orangnya langsung sebaik dan sehumble itu dia sama orang baru salah satunya gw yang awalnya cuma lihat meme nya malah bisa jadi fansnya semua yang udah ketemu sama dia pasti sependapat sama gw ,positive
  ingat masih ada langit di atas bahlil,negative
 sama bahlil mau ga,negative
tapi kasian ya dia dimiripin bahlil,negative
rp  saldo dpt pas install apk shopeepay caranya upgrade ke spay plus login dg akun shopee amp masukin kode referral ffjwvwp diskon freelance job receh zonauang prabowo tom lembong gibran bahlil jokowi purbaya luhut anies budi arie jaehyun ,neutral
 kemarin bangau sekarang camar besok ngebabat hutan besoknya lagi ngebantai ayam bahlil lu ,neutral
dapatkan bonus  saldo pas install apk shopeepay caranya upgrade ke spay plus login dg shopee amp masukin kode referral ffjwvwp diskon promo freelance job receh zonauang prabowo gibran bahlil jokowi purbaya luhut anies budi arie pssi bumn ,neutral
  ganti muka foto ini dengan muka bahlil lahadia,neutral
 mampus ketar ketir bahlil cs,negative
 cb bahlil mw g dia,neutral
blm tentu org jelek itu licikk klo licik ya akuu ucap bahlil dgn tertawa,negative
 kok bisa bahlil full armor sama outfit gua mancing di rawa masih dekilan dia ,positive
  dapet job baru udh bahlil ambil job ini aja ga si gausah jadi menteri kaga bener kerjanya,positive
  kandang babi kandang bahlil ,negative
wkwkwk kandang bahlil ,positive
 beliau tdk akan berani mngganti bahlil aka ketum partai koalisi kampanyenya kecuali rakyat yg memaksa,negative
anying ada yg asbun kemaren bangau sekarang camar besok kalau ngebabat hutan sama ngebantai ayam emyu dah kek bahlil aja ngerusak lingkungan level jokes gweh ,negative
lil lil bahlil beneran nanya dgn sopan yak gw nih lu beneran bisa kerja kaga si,neutral
 gapap bang dari pada tl isinya bahlil,neutral
 karena tolol bahlil butuh desertasi plagiasit karena tolol hibran butuh penyetaraan ijazah smp jadi sma bahkan ada yang memalsukan ijasah untuk sebuah kedudukan,positive
astaghfirullah kiamat emang beneran makin dekat ya ada yang belain bahlil ,negative
rp  saldo dpt pas install apk shopeepay caranya upgrade ke spay plus login dg akun shopee amp masukin kode referral ffjwvwp diskon freelance job receh zonauang prabowo tom lembong gibran bahlil jokowi purbaya luhut anies budi arie pssi bumn  ,neutral
  bukan soal ditagih bahlil di akhirat tapi ujian iman kita sendiri kritik publik pada pejabat boleh jika bertujuan perbaikan dan didasari fakta bukan gibah semata tapi hindari hujatan yang merendahkan martabat lebih baik fokus bangun argumen kuat daripada emosi agar amal,negative
  monggo netijen siap kita di tagih bahlil di akhirat ,positive
 heh mahal bner bahlil,positive
  menurut islam gibah atau menghina seseorang termasuk dosa besar karena merusak kehormatan dan bisa menghapus pahala pelakunya bahlil berhak menuntut di akhirat jika merasa haknya dirampas sebab allah akan adil menyelesaikan setiap kezaliman antar hamba lebih bijak hindari,positive
  d ini memang kombo maut bagaikan bahlil pigai,positive
terima kasih pak bahlil tapi untuk kebijakan nyeleneh mu saya belum memaafkan,positive
 bahlil maneh kapan wong iku di banned teko dunyo se,neutral
 luhut bahlil widod,neutral
 yang salah dapet duit jt  bahlil,negative
 luhut bahlil widodo,neutral
  besok babat hutan dlu kek bahlil,neutral
 dorgu  bahlil anjing,negative
kau pikir kau saja yg bisa ngetik begitu ke orang aku pun bisa pantek ngetik begitu ke kau ya bajing gausah kau belagak begitu ya apa kau daki bahlil kau anj,negative
 bahlil kontol,neutral
eh pukimak kau ya ngentod jaga alat ketik kau ya cuki muka kau tu macam burit anjing sia kau babi enteng kali alat ketik kau ngetik begitu pitak pler kau ku balas kau telaso memang gatau kau yg namanya bahlil kan ha belom saja ku samakan kau dgn bajingan itu pantek,negative
bahlil kalopun dia ga dijadiin meme foto biasa dia aja udh bisa jadi meme anjir,negative
rp  saldo dpt pas install apk shopeepay caranya upgrade ke spay plus login dg akun shopee amp masukin kode referral ffjwvwp diskon freelance job receh zonauang prabowo tom lembong gibran bahlil jokowi purbaya luhut anies budi arie hwasa ,neutral
 bahlil dan mentri ham,neutral
 goblokk bahlil,positive
maaf salah baca kirain bahlil,negative
 ya lu mau jadi bahlil anjir muak gua lewat tl mulu ntu wkwkwk,negative
hutannya abis dijadiin lalapan ama bahlil,positive
kalo dalot ini bahlil maka dorgu adalah pigai duo dongo,positive
   ijin apaan kemarin si bahlil lanjut pt gag yang udah jelas melanggar amdal di raja ampat tai kucinglah pertauran kalo diatas kebal hukum,neutral
 diem sebelum aku jadi bahlil,negative
  trus haji isam bakrie hasyim adeknya wowo mulyono bahlil luhut n para ketum partai gede dll chindo bukan klo mo bahas ras sekalian aja jgn cuman  ras dibenci tp sama ras laen belaga buta ,negative
 telat teuing tuh da datang ke pembagian pinter jeung kasepna matak eweuh nu nyesa jang si bahlil,negative
 thalia ini lucu banget wkwkwkwk skrg sih lagi gak senegara ama bahlil tp msih hrs berbagi udara ttep makasih yah cantikk ,positive
 mbe bahlil ketoke cocok,positive
gatau random aja keinget meme bahlil kunciran ,negative
 bahlil mulu naksir yh,positive
windah basudara bahlil jule petinju gaada yang bisa internetnya mati ,negative
disponsori oleh partainya bahlil ,neutral
 bumi gonjang ganjing wasit kek bahlil,negative
 i love you tita sayang please siapapun kalian ntah yg sering muncul jarang muncul asal kalian  semoga selalu dalam keadaan dikelilingi hal yg baik dan bahagia yaa lt dont be stranger kita belum gebukin bahlil rame rame,positive
 udah bahlil bahlil lagi,neutral
malah di spill pak pemerintah pusat spek bahlil plis lah,negative
  jangan bilang kakek bahlil,negative
panjang bener mukaku mirip logo arsenal gpp deh asal ga mirip bahlil ,negative
aoalagi lu ya bahlil,negative
 buat nimpuk bahlil aja ini,neutral
 cara kerja death note selain nulis nama asli juga harus lihat orangnya secara langsung kamu sanggup liat mukanya bahlil secara langsung,negative
 tanya bahlil atau pemda setempat siapa yg membekap itu semuah tidak ada yg bertanggung jawab sita asetnya tangkap pelakunya proses,neutral
rp  saldo dpt pas install apk shopeepay caranya upgrade ke spay plus login dg akun shopee amp masukin kode referral ffjwvwp diskon freelance job receh zonauang prabowo tom lembong gibran bahlil jokowi purbaya luhut anies budi arie erick thohir  ,neutral
 jangan kayak bahlil lu joka joki,negative
 mboh bu ela e sibuk melebihi bahlil,neutral
 ganti bahlil ga pak ,neutral
 kayaknya bahlil harus ngikutin jejak kamu deh ,positive
  kak selalu ngakak kalo liat kamu reply di postingan yang ada bahlil nya ,neutral
rp  saldo dpt pas install apk shopeepay caranya upgrade ke spay plus login dg akun shopee amp masukin kode referral ffjwvwp diskon freelance job receh zonauang prabowo tom lembong gibran bahlil jokowi purbaya luhut anies budi arie giselle ,neutral
bayi ngomong bahlil,negative
tadi pas pulang gw lewat baliho ada foto bahlil gede banget dan gw genuinenly terkejut sungguh jumpscare yg nyata,neutral
   senang pak bahlil masih ada hutan yg bisa ditebang,positive
 x bahlil,positive
  yg salah adalah orang yg milih si presiden at the first place makanya bahlil bisa terpilih jadi menteri,positive
 kuyangnya datang buat gangguin om bahlil aja abang stuju nda ,negative
   moh kon ae ga gelem aku nyekel koncone bahlil ,negative
 ampe sebadan badan nih gosong menyerupai bahlil,negative
klaim  saldo pas install apk shopeepay caranya upgrade ke spay plus login dg akun shopee amp masukin kode referral ffjwvwp diskon promo freelance job receh zonauang prabowo gibran bahlil jokowi purbaya luhut anies ningning treasure malming  ,neutral
  bahlil orang indonesia ini banyak gaya ga mau saling support,positive
   tom lembong menjabat kepala bkpm  periode di mana bahlil lahadalia mengklaim mewarisi investasi mangkrak hingga rp triliun yang kemudian berhasil dituntaskan sebagian besar isu mangkrak saat ini rpt per  lebih rendah berkat reformasi seperti oss tapi akar,neutral
 haha sok asik ya tapi beneran asik kok rek bahlil mah teu cuma seneng ngebantu mau request lagu apa lagi ,positive
 mending gw punya cewe drpd punya bahlil,neutral
   kak iju sbnrnya itu noy fans bahlil,neutral
 wasit seriea makin hari kputusannya kek bahlil cacat rugiin bnyk tim,negative
 sok asik kau bahlil,negative
 thankiezsss istri sah bahlil kmu sudah mam malam blumm,neutral
   bahlin von lederhosen bahlil llama dahlia  sheik bahlil bin laha al adahlia  bahlil kippidahlia,positive
pemilik akun ini diringkus karena merepost meme bahlil goblin ,positive
  bedasarkan data dan jejak digital akunmu jauh lebih sering ngerepost² dan mention si bahlil daripada akuu aku justru korbannya harusnya kutuntut kau atas pencemaran timeline,negative
 dari pada gabut mending maki maki bahlil aja kak sambil nunggu teknisinya dateng,negative
 apa krna bahlil mirip tai ya,neutral
 si shin ngepens sama bahlil,positive
gk kasian ya temennya pcd dan mukanya udh kayak bahlil ,negative
kenapa tengah mlem gini timbul rasa iba ke bahlil satu titik ga masuk akal,negative
 asal jgn pilih bahlil yh,negative
   hmm coba tanyakan pd bahlil,positive
 boleh sa boleh gua lempar ke bahlil,negative
bahlil boorid,positive
 bahlil kata lu imut kn,negative
 ajak bahlil,positive
 kalau bahlil nanti aku ditendang,positive
stop meme bahlil trust to allah swt,positive
 gak lah bahlil aja mending,negative
 bahlil ireng sodikin,positive
nonton windah hari hari mention bahlil jule duu sempet sahroni sahroni jg dah gt sering bgt pamer otot anying,neutral
gue tiap liat pertamina antri panjang tuh bawaannya pen mukulin bahlil bukannya apaapa ye tapi antrian panjang kek gini tuh bikin waktu kaga efisien ajg,negative
wkwkwkw ngapa sengaja gt searching jule sama bahlil ajg ni bng windut emang update bngt berita panas fak ,negative
 saran umpan bagus selain bahlil,positive
  fitnah kejam anjr kan lu yang fans fanatik nya bahlil ka,negative
hey bahlil bersiaplah ,neutral
jir gak nyangka gue ada yang bela bahlil di masa sekarang,negative
  lah urusin bahlil lu,negative
 fyi muhammadiyah dan nu dapat tugas  mbg dari prabski daper tambang juga dari bahlil jadi jangan merasa sok suci pura pura gak tahu menyembunyikan fakta,negative
 ih ajg najis type lu tuh ternyata bahlil ya selama inj omagahhh,negative
prabowo ketemu bahlil dimana si sblm meet prabowo bahlil camp dmn si,negative
 bahlil aja kali kita juga hidup sederhana ga gitu kok,positive
rp  saldo dpt pas install apk shopeepay caranya upgrade ke spay plus login dg akun shopee amp masukin kode referral ffjwvwp diskon freelance job receh zonauang prabowo tom lembong gibran bahlil jokowi purbaya luhut anies budi arie malming ,neutral
bjirrr face card gweh aja begini yaa mending sih dari bahlil tapi ga cakep samsek ,neutral
 lu aja udh jelek dongo bahlil,negative
semoga kamu menikmati kencing bahlil itu ya,positive
 kalo bahlil jelek ga cerdas lagi,negative
 di bench ada se onggok anomali gaes bahlil lamalacia ,neutral
 bocil stress  gffh walaupun km freak ak cingta padamu btw date hahahahahah nanti kita mancing date aja deh umpannya bahlil,positive
dapatkan bonus  saldo pas install ap shopeepay carany upgrade ke spay plus login dg shopee amp masukin kode referral ffjwvwp diskon promo freelance job receh zonauang prabowo gibran bahlil jokowi purbaya luhut budi arie ningning treasure malming  ,neutral
 biarin daripada kecintaan sama bahlil,negative
sulit dipercaya kalo di era saat ini akan ada orang belain bahlil for free,positive
kk mika kalau kamu lanjut skrng kamu jodoh nomin kalau kamu ketiduran berarti kamu jodoh bahlil,positive
 mencaci bahlil,positive
menteri bahlil lahadalia tunjuk constant karma bantu tangani sumber daya alam papua di kementerian esdm      ,neutral
sering share pap dong mh tl ku dah apek dengan muka bahlil,neutral
 bahlil sih sedih beli eceran gitu,negative
  mantab yaa ni gara foto bahlil muncul manaayam cmn beol amp hilang selera kluarin telor,neutral
 jalur instan sama jalur perjuangan sampe berdarah darah beda dot mo share meme bahlil ntar masuk sel eh ga deng kan udah memaafkan mls aja liat mukanya,positive
bahlil ni emang jelek semuanya pick the struggle dong jangan semua jelek diborong,negative
 bahlil be like adek adekan gw nih bos shenggol donk,positive
 segede ape pala bahlil,positive
 kata gue mah stop geer deh bahlil,positive
 ini mirip fakta bahlil tapi bahlil nya menolak wkwkwk,negative
jd keinget cerita cowokku pas kerja di monas ketemu bahlil ngakak bgt,positive
 emang bahlil cerdas,positive
ga enak bgt lg berak tl isinya bahlil,negative
    yg cocok di sisi anda saat ini itu si esdm bahlil lbp zulhas erlangga puan gibran jkwcs dll dst karena mereka lah para creator indonesia bangkut   untuk itu sebaik nya kemuakan anda dapat disalurkan dgn tepat sebelum  menjadi pendorong bersih  negrri,positive
 yehhhhh bahlil,positive
klaim  saldo pas install apk shopeepay caranya upgrade ke spay plus login dg akun shopee amp masukin kode referral ffjwvwp diskon promo freelance job receh zonauang prabowo gibran bahlil jokowi purbaya luhut anies budi arie treasure malming  ,neutral
 bahlil pecat,negative
 tanyakan pada bahlil,positive
 bahlil  gini amat takdir lu semoga kebagian takdir hidayah ya sebelum ntr mati,negative
 bahlil baik,positive
day  gua binco di palkorin raja bahlil,neutral
 bahlil dikit gapapa sih bang,negative
 yakan semua ini salah bahlil,negative
 emang bahlil sumber masalah,positive
 bahlil ws nde bojo,neutral
 muka bahlil selayaknya anjing,negative
 bahlil lagi yg kena ,negative
saaaayyaaaaaangggg rigel bahlil babi cuki ngana saaaayyaaaaanggg ,negative
  aku nyari kamu tapi kamu malah nyari bahlil ,positive
 kak kamu harusnya di khayangan aja gak rela banget kamu harus berbagi udara sama bahlil,positive
  dmn ada bahlil disitu ada kadeb wkwkwkw,neutral
 tandanya rumahmu mau kedatangan bahlil itu,neutral
 no tuh bahlil kjerag,neutral
buat meme bahlil,positive
  ya ampunbahlil punya laskar pembela bahlil ternyata,positive
 reaksi org yg dulu sekelas sama bahlil ,negative
 laporin bahlil,positive
kalo sampe pak pur kena resuffle sebelum bahlil nih ya sumpah demi allah gak tau lagi deh gua anjing sama anomali pemerintahan bajingan laknat termul ini,negative
 cieee sekampus sama bahlil oppa ,neutral
 jadi bahlil,neutral
 hrsnya terimakasih netizen dah byk mengingatkan trus introspeksi kok malah memaafkan kammu mmg bahlil deh,negative
idaman bahlil bgt yg begini,positive
aduh ini bapak ku knp nontonin si bahlil sih jdi makin bad mood aku jir,positive
wkwkwk ketemu bahlil tadi siang ,positive
dimana muka bahlil,negative
 bahlil bin bahlul anjik,neutral
akhirnya tl ku terbebas dari muka bahlil,neutral
sumpah ini meme bahlil terlucu ,positive
 siapa lagi ini kmren bahlil,neutral
 temennya bahlil,positive
 met bobo syg smoga mimpi bahlil bounprem revamp final ep ,positive
 ogah ketemu bahlil,neutral
min ati ati pulangnya dihadang bahlil ,positive
  modelane bahlil piye mbak deweke pinter dijak diskusi,negative
 isiin nama lengkap takutnya kena di bahlil yg lain,neutral
 ama bahlil aja,neutral
 bahlil ikhlas gk ya,positive
 kalau bahlil ke rumah mu mau ngapain,neutral
bahlil emang lu yee,negative
org indo lebih ke insult liat muka bahlil dripada dipanggil jungle asians,neutral
 kamu abis diculik bahlil,positive
  ganti jadi muka bahlil,neutral
rp  saldo dpt pas install apk shopeepay caranya upgrade ke spay plus login dg akun shopee amp masukin kode referral ffjwvwp diskon freelance job receh zonauang prabowo tom lembong gibran bahlil jokowi purbaya luhut anies budi arie trump ,neutral
 minta bahlil,neutral
ketemu bahlil ,neutral
elu udah kaga ganteng kaga cerdas juga lil bahlil,negative
 skrg dia sukanya mah bahlil,negative
 no noo tidak terima cupang gantengku dikasi nama bahlil,positive
  tunggu bahlil main film,neutral
 emg anjinkkk fakyu bahlil,neutral
  bahlil dari kalangan bawah kerja grasak grusuk illegal sampai jadi ketua partai ama mentri ni si prince pewaris gendut gajelas beda level tolol nya ,negative
dapatkan bonus  saldo pas install apk shopeepay caranya upgrade ke spay plus login dg shopee amp masukin kode referral ffjwvwp diskon promo freelance job receh zonauang prabowo gibran bahlil jokowi purbaya anies budi arie treasure malming  ,neutral
 sorry sp yah bahlil ngga kenal aku istri nya mas nje,neutral
  bahlil iis dahlia,positive
serba salah tidur salah ngerjain tugas salah belajar salah salah mulu kocak bahlil tuh yng salahb,negative
  nanti juga balik lagi sambil nyengir spt bahlil,positive
kak ga takut dipolisikan kah sama bahlil,negative
ayam petelur infertil gera liat wajah bahlil dimana mana,neutral
 haha meme bahlil silver memang lagi hits karena jasnya kinclong tapi goblin itu pure imajinasi netizen yang kreatif faktanya dia manusia biasa asal gorontalo yang lahir tahun  dan jadi politisi kalau makanannya beda mungkin karena diet kampanye bukan spesies lain,neutral
 loh bahlil itu manusia silver dan goblin ,negative
makima liat bahlil udah keburu males buat ngebunbun,neutral
yng ngejoki jodohnya bahlil,negative
  lagi nanton gus bahlil yang katanya baik hati dan tidak sombong ,negative
 hi bahlil lahadalia adalah manusia seperti kita jadi makannya pasti sama dengan manusia biasa menggunakan sendok garpu atau tangan meme tentang dia mungkin lelucon kreatif netizen tapi faktanya dia politisi biasa kamu punya konteks meme spesifik,negative
temen baru ngobrol dong sama ketua yang lama ngobrolnya sama bahlil aja gapapa,neutral
rp  saldo dpt pas install apk shopeepay caranya upgrade ke spay plus login dg akun shopee amp masukin kode referral ffjwvwp diskon freelance job receh zonauang prabowo gibran bahlil jokowi purbaya luhut anies budi arie treasure malming  ,neutral
hi  menurut kamu bahlil makannya sama dengan manusia biasanya atau dia jenis yang berbeda dari manusia lain,negative
rp  saldo dpt pas install apk shopeepay caranya upgrade ke spay plus login dg akun shopee amp masukin kode referral ffjwvwp diskon freelance job receh zonauang prabowo tom lembong gibran bahlil jokowi purbaya luhut anies budi arie carmen ,neutral
walid bahlil,negative
bahlil mah udah jelek goblok lgi,negative
klaim  saldo pas install ap shopeepay caranya upgrade ke spay plus login dg akun shopee amp masukin kode referral ffjwvwp diskon promo freelance job receh zonauang prabowo gibran bahlil jokowi purbaya luhut anies budi arie ningning treasure bumn ,neutral
 bahlil enak jdi terkenal nnti bikin akun yutub jdi influenza,positive
pemerintah mempercepat proyek energi bersih termasuk plts  gw dan pembangkit ebt di seluruh indonesia bahlil energi bersih jadi fondasi ekonomi dan ekologi yang berkelanjutan serta inklusif bagi rakyat ,positive
 bagian lap keringetnya bahlil mau kak,positive
 coba tanya bahlil mereka ditangkap pdhl di tanah milim sendiri dengan dalih merusak lingkungan,negative
sorry to say udah kelakuan jelek fisik juga gajauh jelek kaya bahlil aja,negative
  wah bahlil kayaknya bukan deh tapi kalau liat bio kamu pacar di seventeen pasti jeon wonwoo atau xu minghao pilih yang mana nih ,neutral
 angkut aku mau mukul bahlil,neutral
  anjayy hisap terus gigi bahlil bang,neutral
                mamah panjang umur sehat selalu dan bahagia meletus balon hijau dor hatiku sangat kacau merah kuning kelabu merah muda dan bahlil,positive
   katanya dia suka bahlil tau,negative
 muka bahlil ,negative
 semua bahlil dirayakan,positive
bahlil banjir kritik di medsos idrus marham ia berjuang demi kepentingan rakyat ,neutral
 mn nih bahlil bahlil santai bub ,positive
 tapi bahlil bilang ipnya lt,neutral
 dila kamu sebenarnya bahlil oshi ya semua kamu ship bahlil ,positive
emang bahlil banget,positive
 mau jdi temennya bahlil gak,negative
hebat negara lagi penghematan tukin  tukin pegawai esdm naik  bahlil kalau masih mainmain saya rumahkan ,neutral
fak setelah keponakannya cerita bener bahlil dari kecil udah dikata katain,positive
 gambar bahlil bang,neutral
terus nanti orang akan memandang bahlil sebagai seseorang yang pemaaf gitu wkwkw,positive
 mbg  mukidi bahlil gibran,positive
 si bahlil emang komplit jahat dan tolol,negative
 sepertinya anda menyoroti bagaimana cnn dan media lain meliput tokohtokoh seperti luhut bahlil hingga dedi mulyadi media memang sering punya agenda tapi klaim subjektif mereka patut diwaspadai fokuslah pada data dan kebijakan nyata seperti isu apbd atau kinerja menteri apa,negative
 dari luhut bahlil sampe dedi mulyadi sampe yang lain juga cnn,negative
 yaudah ayok kita maling rumah bahlil,negative
kenapa ya aku tuh sungguh benci banget sama bahlil like benci sebenci itu sama dia,negative
 orang kayak bahlil ga pantes dicintai,positive
rp  saldo dpt pas install apk shopeepay caranya upgrade ke spay plus login dg akun shopee amp masukin kode referral ffjwvwp diskon freelance job receh zonauang prabowo tom lembong gibran bahlil jokowi purbaya luhut anies budi arie taehyung ,neutral
 pilih dikecup bahlil apa dikecup ak gw by ,negative
 iya kak onyy lebih takut ktemu bahlil drpd ketemu alien atau zombie,positive
 banyak yang lebih jelek dari bahlil tapi mereka lebih berwibawa bukan masalah tampang ya lil,negative
luar biasa kepintarannya setara bahlil,neutral
bisaa stop ga ini foto pak bahlil lewat tl ,neutral
 gapapa sedikit sedikit lama lama menjadi bahlil,negative
ngebut bgt dikejar bahlil lu,negative
mls bgt dh liat muka bahlil mulu di jalan,negative
bahlil awokawokawok,positive
 bahlil is dat u,negative
dapatkan bonus  saldo pas install apk shopeepay caranya upgrade ke spay plus login dg shopee amp masukin kode referral ffjwvwp diskon promo freelance job receh zonauang prabowo gibran bahlil jokowi purbaya anies budi arie ningning treasure bumn  ,neutral
akhlak lu benerin dulu bahlil,negative
merinding se bahlilbahlil lu tau gue pernah kerja bos nya suami istri lakinya busettt genit bgt dan semua karyawannya cewe bayangin bahkan chat terakhir blio setelah gue pamit resign blm gue buka ,negative
 info parfum anti bahlil,positive
 kok bahlil cukong keturunan imigran yg pernah diistimewakan penjajah belanda meneokolonialisme kekayaan dan kekuasaan pribumi nusantara itu gimana,negative
 najiss wkwk udh untag dulu ngeri kena bau bahlil,negative
 yaa setiap keputusan yg bahlil ambil salah benarnya adalah tanggung jawab presiden jadi lu kejar presiden gemoynya yg salah dia knp milih dan mempertahankan bahlil ga akan kelar masalah klo lu nuntut nya ke bahlil suru prabowo copot dia knp ga berani ,negative
kaget berkali kali  matcha harga rb  di jogja considering umr there  cupnya sebogel bahlil,neutral
ini buat pak bahlil yang sudah melindungi aktifis meme ngapak jadi aktifis meme wkwkwk yah pokoknya makasih lah,positive
 tkut di pnjara krn bahlil,neutral
 aman yg salah bahlil,positive
 maaf pak bahlil saya tidak setuju dengan cara berpikir ente,positive
 udang radioaktif aman keracunan mbg hanya    hujan mikroplastik jangan kuatir pemerkosaan di ponpes terlalu dibesarbesarkan dan pembuat meme bahlil dilaporkan ke polisi,positive
 stop bully bahlil plis capek ketawanya,negative
 bikin meme bahlil un,positive
 gabisa jauh jauh dari bahlil,negative
 joget tabola bahlil,positive
 kok nyalahin bahlil terus yg milih bahlil jd mentri siapa,positive
lebih kasian gue sebenernya pejabatnya modelan bahlil,negative
  salah bahlil,negative
rebu ni matchanya ada campuran air keringat bahlil apa gimana dah ,neutral
    kejar prabowonya suru dia copot bahlil segoblok apapun keputusan bahlil yaa tanggung jawab presiden,positive
  yaa setiap keputusan yg bahlil ambil salah benarnya adalah tanggung jawab presiden,positive
  yaa setiap keputusan yg bahlil ambil salah benarnya adalah tanggung jawab presiden,positive
udh pada vote blm oii liatin aja yg blm vote ntar pas tidur mimpiin bahlil ,neutral
 yth prabowo ganti saja si bahlil,negative
 tetap ejek bahlil bahkan saat membuat ancaman tentang dirinya dijadikan meme jangan pedulikan tetap saja dia itu kan monyet jelek ,negative
 nah kan presiden yg salah presiden brarti yg mempertahankan org kayak bahlil,negative
dari luhut bahlil sampe dedi mulyadi sampe yang lain juga cnn,negative
bodyshaming anj muka lu tuh kek bahlil,negative
klaim  saldo pas install apk shopeepay caranya upgrade ke spay plus login dg akun shopee amp masukin kode referral ffjwvwp diskon promo freelance job receh zonauang prabowo gibran bahlil jokowi purbaya luhut budi arie treasure amanda manopo  ,neutral
 orang pinter pilih makan gratis dong hidup bahlil,positive
 bahlil kah mereka gibrunt prabs mul ,neutral
 pasti karena mirip bahlil kan,positive
  serius lu nyebokkin seonggok bahlil ,negative
 buat naruh bahlil nder,neutral
  sisi mana sih si bahlil ini cakep gaada ,negative
   cc bahlil,neutral
 kmu kok sandingin sylus sama bahlil,positive
 luhut gibran bahlil tito,neutral
   masukkan mie aduk tambahkan mozarella masak sebentar hingga matang sesuai selera koreksi rasa instropeksi klw ada yg kurang  pindahkan ke dalam wadah beri topping sesuai selera asal yang normal² aja jgn masukin vinetta apalagi bahlil  rabokki siap disajikan,neutral
pecat aja si bahlil,negative
 bahlil prabowo dan jokowi land clearancenya dimulai saat mulyono proyek industri gula dan bio ethanol seluas  juta hektar,neutral
 lucunya pacar bahlil,negative
 bahlil pigai sama zulhas noh lengserin selama purbaya dpt suara rakyat posisi dia aman,positive
rp  saldo dpt pas install apk shopeepay caranya upgrade ke spay plus login dg akun shopee amp masukin kode referral ffjwvwp diskon freelance job receh zonauang prabowo tom lembong gibran bahlil jokowi purbaya luhut anies budi arie jhope ,neutral
 sak elek² e bahlil isih akeh untunge drpd aku,neutral
 temenku ngefans sm bahlil ,neutral
 sebut saja bahlil jelek dan tolol,negative
  iya bener senyum senyum malu lu bahlil  ,positive
suka gak suka kelebihan org gantengcantik atau good looking memiliki kesan pertama yg positif dan mudah diingat mudah dapat perhatian timbul keyakinan lebih dari yg lain dari sini membuka banyak pintu keuntungan menghina yg lain untuk terlihat terpuji gak ngebantumu bahlil,positive
aku lagi marah ke adek trs curhat ke doi dengan entengnya doi bilang maafin aja yang masa kalah sama bahlil bahlil aja memaafkan ms km endak anjjjj,negative
buset pigai sama bahlil aman aja,positive
 bahlil opium,positive
benci banget gua sama bahlil garpu somay,negative
   maksudnya dalam hal ini ya kayak komentar kak tarisameow gada yg w stan di gen gegara bla bla bahlil bukan popularitas jelas beda,negative
 bagi mim bahlil,neutral
 bahlil kontlo,positive
 udah hampir sehari ga liat bahlil padahal ,neutral
gusy plis comblangin aku tapi jangan sama bahlil ,negative
 hai bahlil jelek ,negative
 makasih bahlil aku dikasih sembako cpdp sama orang cakep aku bebas kamu nyamannya pakai siapa nanti aku ngikut ,positive
 menghina bahlil,negative
kekeh kali adek ku cakap bahlil tuh memang asli ga layak hidup ga pantas jadi manusia ,negative
bahlil memaafkan para pembuat dan penyebar meme terkait dirinya sejalan dengan itu dpp ampi berencana mencabut aduan yang sudah dilayangkan ke polisi   ,negative
idrus marham soal serangan pada bahlil lahadalia kritik harus berpijak pada nilai etika dan norma      ,positive
 dapet apa sih dapet bahlil,positive
rp  saldo dpt pas install apk shopeepay caranya upgrade ke spay plus login dg akun shopee amp masukin kode referral ffjwvwp diskon freelance job receh zonauang prabowo tom lembong gibran bahlil jokowi purbaya luhut anies budi arie chaewon ,neutral
  menuju bahlil pahlawan nasional,positive
 apakah iya aku sembako gratis dari bahlil di mata ann keracunan eh tapi kalau mau beneran nggak apa lho sangat terbuka untuk cpdp sama ann mau foto lain atau karakter lain juga boleh ,neutral
 kaum bahlil itu,neutral
 gimana kalo sama kanda bahlil aja,negative
 kalau bahlil,negative
 bahlil lahadalia memiliki kinerja terburuk dibanding natalius pigai menurut survei celios dengan skor  versus  skor negatif bahlil mencerminkan kritik atas lambatnya investasi esdm dan kurangnya pencapaian konkret pigai meski dikritik kurang visible tapi peringkatnya,negative
 bikin meme bahlil un,positive
 jangan penuh basabasi  pilih  saja siapa yg terburuk kinerjanya bahlil atau pigai,negative
orang cerdas gabakal jadi bahlil,positive
 bikin banner muka bahlil taruh di flyover,neutral
 tips anti baper sama manusia roblox  bayangin mukanya kek bahlil  balik ke nomor ,negative
 aku juga bacanya bahlil,neutral
 secara objektif keduanya menerima kritik tajam atas kinerja di kabinet prabowo dengan survei celios menempatkan bahlil lahadalia sebagai yang terburuk secara keseluruhan skor  dibanding natalius pigai  bahlil dikritik atas lambatnya realisasi investasi esdm dan,negative
 secara objektif tolong beri penilaian diantara bahlil lahadalia atau natalius pigai siapa yg kinerjanya paling buruk alias tidak bisa kerja,negative
  udh bersih blum silitnya bahlil,positive
 maafin ya ka kalo bahlil ada salah,negative
 setidaknya ganteng klo udh ga ganteng trua ga cerdas itu bahlil,negative
 share meme bahlil,positive
 kenap km bahlil,neutral
 wkwkwk bahlil bgt nih makasih ka ann udah updateee,positive
 tusukin jarum mana tau bisa jadi bahlil,neutral
 ngehina bahlil,positive
 hello mau liat vt bahlil lagi gak ,neutral
menteri energi dan sumber daya mineral esdm bahlil lahadalia memaafkan pembuat meme yang sempat menghina dirinya di media sosial ia menegaskan bahwa kritik terhadap kebijakan pemerintah adalah hal yang wajar selama tidak menyerang pribadi atau membawa unsur kebencian ,positive
 kita bawa bahlil ke rumahnya bounprem revamp final ep ,neutral
 bikin meme bahlil,positive
  ada ga sih yang namanya bahlil selain dia ,negative
 video bahlil paling,negative
 pasang meme bahlil un,positive
  kok skrg bahlil cakepan,neutral
 bang ramalin kapan bahlil lengser,neutral
 lah kon elek yo gak cerdas ae kok lil bahlil,negative
pak bahlil yg kece,neutral
 pasang banner meme bahlil,positive
bahlil menangis  tepat hari ini bahlil di periksa kpk jokowi ketar ke  via ,negative
 lil bahlil kagaklahya gua ksih tau dinegara kualitas jelek yg brkuasa orang jelek,negative
aku kalo jadi bahlil liat twiter dah tremor nangis sesenggukan,negative
 justru enak jadi bahlil gerak dikit jadi meme,negative
 wow baru kali ini gua dibilang imut haha yah panggil apa aja asal jangan bahlil dah,positive
  karna bahlil itu kayak kebalikannya amanda zahra satunya positif semua satunya negatif semua ,negative
 gatau ak lebih suka share meme bahlil,positive
 jule anjing prabowo anjing bahlil anjing marcell anjing,negative
ssb deh suka suka bahlil,positive
rp  saldo dpt pas install apk shopeepay caranya upgrade ke spay plus login dg akun shopee amp masukin kode referral ffjwvwp diskon freelance job receh zonauang prabowo gibran bahlil jokowi purbaya luhut anies budi arie treasure amanda manopo  ,neutral
ayo nyinyiir bahlil agar penjara penuh lihat video ai absurd  ,positive
  pasti ini dibaliknya pengikut bahlil,positive
pacarku lagi have fun sama sodaranya dan aku dengan kegitan mencaci maki bahlil tolol,positive
pacarku liat muka bahlil sakit perut katanyaaa,negative
 lu setuju kalai lu pengikut bahlil,negative
 bahlil mahal kita,neutral
 kakak tolong dukung aku menjadi haters no  bahlil,positive
 bahlil denial banget kalo dia jelek sampe ada aja celah buat ngejelekin orang ganteng,negative
 posting meme bahlil,positive
  pinter bahlil ga sih,negative
 ke bahlil,negative
 yang mulia bahlil ,positive
 bahlil jelek anjing,negative
 cie dimaafin bahlil,positive
 semangat pak bahlil kita dukung bapak kalau partai g macam golkar tinggal kan aja,positive
 langkah presiden prabowo sangat jelas beliau melakukan penataan menyeluruh berdasarkan nilainilai falsafah dan ideologi bangsa       ,negative
berapa kali bahlil menyusahkan masyarakat jawabannya sering kali berapa kali bahlil merugikan negara jawabannya sering kali jadi bukannya framing negatif tetapi orang ini memang tidak berguna untuk negara amp bangsa  ,positive
bahlil kasih paham lil bounprem revamp final ep  ,neutral
termul lg sibuk cebokin bahlil ,neutral
 itu nilai bahlil bukan sahroni by belum liat aku versi bahlil,neutral
 berapa kali bahlil menyusahkan masyarakat jawabannya sering kali berapa kali bahlil merugikan negara jawabannya sering kali jadi bukannya framing negatif tetapi orang ini memang tidak berguna untuk negara amp bangsa  ,positive
ia juga meminta kader partai golkar menghentikan laporan terhadap pembuat meme bahlil ingin masyarakat berhenti berseteru dan bersamasama berfokus pada kemajuan bangsa agar indonesia semakin maju dan sejahtera    ,positive
ia menilai kritik adalah hal wajar dalam demokrasi namun menolak hinaan bernuansa pribadi dan rasis bahlil menegaskan dirinya tetap fokus bekerja membantu presiden mewujudkan kedaulatan energi nasional,positive
menteri esdm bahlil lahadalia memilih memaafkan pembuat meme yang menghina dirinya ,negative
 tapi bahlil ganteng,positive
 bikin meme bahlil,positive
  pesona jimat bahlil,neutral
  bahlil kayak gini di diemin,negative
karena udah dimaafin aku mau thread meme bahlil bounprem revamp final ep  ,positive
pakar ugm ancaman menteri bahlil pada spbu swasta bisa ganggu iklim investasi ketegangan dengan pertamina soal pasokan bbm jadi ujian stabilitas energi nasional       ,positive
 bikin meme bahlil,positive
  ka gin tapi kalau ada video atau meme bahlil aku justru langsung keinget kamu maaf banget,negative
 bahlil jokowi luhutharus bertanggungbjawab,negative
masalahnya elu udahlah gak ganteng gak cerdas pula bahlil,negative
  maboknya udara pas di pesawat dikasih obatnya pas turun keknya peru butuh pak bahlil buat jd presiden nya tu sih ,neutral
memang masih ganteng aku daripada bahlil ,positive
 meme bahlil awas keciduk luuu,positive
saran kegiatan malming selain share meme bahlil,neutral
 knp org org tu kaya lebih tau gw selalu bahas bahlil ketimbang intak y,negative
lah yg jelek alias elu jg goblok anjing bahlil elu juga goblok,negative
pemeran utama di film anjay gk pernah nonton film zombie apocalypse kah pake nanya itu apa gk tau anjing bahlil mungkin,negative
 guru udah dapet lagu  hari guru soeharto gapunya lagu  hari spesial makanya itu diangkat jadi pahlawan kalau masalah gaji mah tiap hari makan ayam telur modal rb menurut prabowo kan bisa bismillah jadi ketum golkar  ganti bahlil,neutral
 kamu nanti yang gantiin posisi bahlil yh,neutral
tidak kah anda sadar wahai saudara bahlil yg termulia bahwa kebijakankebijakan yang anda buat sungguh merusak hajat hidup rakyat indonesia apalagi dengan looks anda yg seperti itu semakin membuat semuanya  ah sudahlah isi sendiri saja,negative
 halo  kalo bahlil dijadikan nama pemain sepak bola islandia cabo verde kepulauan faroe san marino uruguay uzbekistan filipina swedia finlandia austria kosovo mongolia bulgaria thailand,positive
 ini orang level ketololan nya setara bahlil njirrr,negative
 cuman karena gak suka jokowi dan menganggap dia jauh lebih cakep daripada bahlil jadi kufur nikmat dan gak tahu adab,negative
 kasihan bahlil,negative
 lu aturlah sendiri dengan geng lu si bahlil,negative
  semua smua terpikat oleh pesona bahlil kok luwh g ikutan jem,neutral
 ka ijul bahlil nya ilangin,negative
jangan kaget segini tunjangan bahlil setelah tukin kementerian esdm naik  persen ,neutral
 gue bacanya bahlil,negative
       faktanya berita yang ramai dibicarakan itu bukan hoaks benar presiden prabowo telah menyetujui kenaikan tunjangan kinerja tukin aparatur sipil negara di kementerian esdm sebesar  menteri esdm bahlil lahadalia juga menegaskan bahwa kebijakan itu bukan untuk bersantai ,negative
 kalo jelek tapi pinter gapapa tapi bahlil tuh udah jelek oon lagii,negative
wkwkwkwkwk bisa bisanya  orang kesel ama bahlil muncul berurutan di tl gue ,positive
mulia sekali bahlil ini,positive
bahlil di copot  ,neutral
  menterimu bisa gini nggak gelar berderet lulusan luar negeri tapi kalah sama bahlil awokwokwok om  pindah ke kementeriannya mindos doong ,negative
bocillll take ur time yaa jaga kesehatan luhk awas aja kalo gak gwajh suruh bahlil ketchup eluhk nanti jan skip makan nasi ama air putih yahh kalo di skip gwakh aduiih bahlil lagi,neutral
asbun gini aja rame pantes pak bahlil dijadiin becandaan lah emang memeable,negative
 muruah negara yg mana yg bisa dijaga bahlil,negative
bahlil giginy kmn,positive
menteri bahlil naikkan tukin asn esdm  persen ,neutral
 tolong permak bahlil pls,positive
rod yang didapetin dengan cara nyelesain misi si bahlil jelek ,negative
i prefer orang ganteng cerdas sih drpd udah bahlul bahlil lg ,neutral
 seolah olah klw jelek seperti si manisan jenglot ini pasti cerdas sayangnya sdh jelek bego pula bikin disertasi s njiplak skripsi s mhsw uin lul  bahlil ,negative
 stop mention kalo ada bahlil jump scare bgt najis dia tuh ya diem doang aja udah jelek,negative
 bahlil ya,positive
 up meme bahlil,negative
tiba tiba banget ada event bahlil goes to velodrome,negative
 ini bahlil bisa ga si jangan lewat dulu di tl bikin gue tambah mental breakdance shiball,negative
  kok tau pait emang udah pernah ngerasain bahlil ,negative
 org jelek jg blm tentu cerdas bahlil,negative
 bahlil minmaxing pack,neutral
baik untuk dirinya sendiri tp tdk dg orang lain by bahlil,positive
 insult bahlil via social media bisa menghina ampu untuk forgiveness lakukan brokermans ,negative
  el hadji bahlil diof ,positive
ih banyak bacot lah unnik nyebelin gue doain disamperin bahlil lu,negative
 buat nyetrum bahlil aja pak biar kalo difoto leher gak mereng ,negative
gua klo jadi bahlil gua oplas sih biar klo ngaca enak dipandang,positive
kenapa bahlil bisa jadi menteri sihh anjing,negative
kelakuan lu   sama bahlil,negative
 kamu like in semua postingan tentang bahlil kah sampe lewat terus gitu ,neutral
bisa gak sih sehari gak kelihatan muka bahlil,negative
  lu aje jd bahlil cepmek,negative
bahlil aja memaafkan orang yang menghina dirinya masa kamu engga,negative
 apalagi yang kaya elu bahlil,negative
 bahlil wes elek goblok pisan,negative
 ya itu jadi bahlil,negative
takut banget demam gara mimpi bahlil,negative
 atas bawah bukannya liat yang ganteng malah muka bahlil ,negative
sehari aja ga muncul muka bahlil di sosial media ,neutral
      kita akhir perdebatan kali ini dan doa akan ditutup oleh gus bahlil al nikeli bin batu bara ,neutral
 karena gak minta ijin ma bahlil ,negative
 awas keciduk km jlekin bahlil,neutral
menteri bahlil lahadalia tunjuk constant karma bantu tangani sda papua di kementerian esdm ,neutral
kata orang kalo benci bisa jadi suka maka dari itu jangan terlalu membenci sesuatu secara berlebihan tapi ini bahlil jadi ada pengecualian,negative
semuanya lucu kecuali bahlil,positive
 iya dipangku bahlil,positive
belum tentu orang jelek kayak kau itu cerdas juga bahlil,negative
udah dititik muak dan muntah liat muka bahlil sliweran dimanamana,neutral
anj bahlil ngeselin banget,negative
  relate y bg sm bahlil xixi,positive
bahlil monye,positive
 mirip bahlil ya,negative
 sadar diri dech pa bahlil,positive
 mau aku culik apadi culik bahlil kak,negative
 astagfirullah bahlil bahlil,negative
 mndg g tidur  hari drpd hrs mimpiin muka bahlil hoek,negative
 bahlil jele,positive
 pilihkata bahlil aja kak,neutral
 asgshajakakan malubgt ketauan podohnya mank dia stressbmjinkkkk pengokop bahlil hokcuhhh,neutral
 orang aceh itu bahlil,negative
 kalau ada temen yg nolak maafin laporin ke bahlil aja,negative
 sm bahlil ya,positive
anjir karnival bahlil ,negative
 lah apalagi bahlil udah ga ganteng ga cerdas pula ,negative
 anjirr bahlil ikut ikut aja,negative
  ih kok kaya bahlil,negative
 tipenya yg buruk rupa kek bahlil keknya,negative
tapi gapapa sih dia gk mandi masih cakep lah bahlil mandi  kali pun tetep jlek,negative
 gapapa vidio bahlil lewat tl auto mual sambil makan ,neutral
 aku curiga piwa gak mek ngilokno bahlil tok di tweet ini,negative
bahlil farming amal se indonesia klo bahlil masuk surga gw gk akan iri soalnya dia kebnyakan d ledek,negative
bayi bajang mirip bahlil ih ,negative
jelek bahlil jelek,negative
 di dunia untuk brasil ini mereka sudah mencapai sampai e mandatory bahkan di beberapa negara bagian sudah mencapai e  persen etanol nah ke depan kita akan mendorong ini menjadi e tapi bertahap e dulu   sudah kita lakukan kata bahlil kepada awak ,positive
begitupun dengan kamu bahlil,positive
 belum pernah disun bahlil y km wil,neutral
aku udah dengar cerita pak bahlil waktu muda dari bang mamat di podcastnya malaka emang korea betul pak bahlil ini melenting sana sini,neutral
  oh elu nuy yg bikin tl gue full bahlil,positive
 manifest bahlil amp pigai belajar tulisan sambung ,neutral
 ya allah wkwk ga abis abis pak bahlil di roasting masyarakat ,positive
lygus ini shippable banget contohnya sama bahlil,positive
 setuju bahlil jelek,negative
dahla bahlil jangan muncul di timeline aku,neutral
 dua tiga tukang pukul otak bahlil di dengkul,neutral
  dia gollum atau bahlil,negative
    buatin syair versi bahlil gibran,positive
 boleh donk info klo jadi pendukung bahlil aku daftar,neutral
 aku ngikik bgt dari kemaren liat parodi di penjara gara meme bahlil ,positive
 horeeeee gus bahlil pahlawanku,neutral
 lil dari bahlil ,neutral
menteri energi dan sumber daya mineral indonesia bahlil lahadalia menanggapi santai beredarnya meme tentang dirinya di media sosial bahlil mengingatkan agar kritik tetap diarahkan pada kebijakan bukan pribadi    ,positive
yg penting bukan bahlil ,positive
 yg penting bukan bahlil,positive
 sepupunya bahlil kah,neutral
dapatkan bonus  saldo pas install apk shopeepay caranya upgrade ke spay plus login dg shopee amp masukin kode referral ffjwvwp diskon promo freelance job receh zonauang prabowo gibran bahlil jokowi purbaya luhut anies budi arie the queen mother  ,neutral
 jgn muka bahlil pls,negative
 bahlil lagi jadi buah bibir,neutral
alah pret malu kan lu wkwkwkwkkwk baliiiil bahlil,negative
 maafin aja dia nabi aja pemaaf masalahnya bahlil juga pemaaf ege,negative
      insentif tanpa sanksi memang rawan jadi ajang pesta tanpa hasil karena manusia butuh dorongan seimbang reward dan punishment di esdm tukin naik bagus kalau dipadukan sanksi tegas seperti pemecatan buat yang underperform sesuai ancaman bahlil ini bisa efisienkan sektor,positive
jangan ada aje yg reply pake muka die yg trigger warningnya sama kek bahlil,negative
  minimal jelek tp kl cerdas masi gw hargai ni bahlil dahlia,neutral
dia ngomong kek gini biar apa manusia licik nan manipulatif kek bahlil bahlul ini tidak pantas dapat buat dipuji mana sempetnya lagi buat aegyo,negative
 waktu bahlil kyknya udh deket nih ,negative
bahlil stop nyimeng,neutral
 yg bisa melaporkan itu bahlil sendiri atau yg diberi kuasa bro krn itu perkara delik aduan sementara bahli mengaku tidak tau menahu soal pelaporan tsb malah meminta pihak ampg mencabut laporan emang laporan diterima tanpa surat kuasa bahlil,negative
  bahlil mata lu bisa biasa aja ga ajg,negative
 jd bahlil,negative
 eh tapi tadi pas lg ngantri org sebelah ku ngomongin bahlil tmi,neutral
 salfok ada yg mirip bahlil fusion coach patrick,positive
 bahlil x pigai,positive
 daripada memujamuji bahlil hal ini lebih baik,positive
 hanya bahlil yg bisa,positive
menanggapi serangan di media sosial bahlil lahadalia menegaskan bahwa kebijakan negara tak boleh diintervensi pihak mana pun     ,positive
 minta bahlil coba,negative
 kenapa harus bahlil,negative
 bahlil goblok,negative
 huft dare apapun akan kuhadapi asal gk jadi bahlil,negative
 kalian yang sok bilang pejabat itu jahat karena belum dapat jabatan saja kalau dapat jabatan kalian lebih jahat dari saya  dari pernyataan ini cukup untuk menilai integritas bahlil cukup untuk mencurigai bahlil,negative
 orang ganteng belum tentu cerdas its okay berarti dia punya satu keunggulan ganteng nah luu duh mau ngomong gak enak tapi lu udah gak ganteng gak pinter juga bahlil,negative
 bahlil bikin orang phobia ,negative
tapi yg ganteng ada mending nya lah bahlil,negative
 smpe kmu bnran mimpi bahlil,positive
 pantes ngeselin mirip bahlil,negative
mukanya mirip bahlil,positive
 lha emang bisa kader golkar buat laporan tanpa surat kuasa dari bahlil itu kan perkara delik aduan gak usah gimmick lah,neutral
rp  saldo dpt pas install apk shopeepay caranya upgrade ke spay plus login dg akun shopee amp masukin kode referral ffjwvwp diskon freelance job receh zonauang prabowo tom lembong gibran bahlil jokowi purbaya luhut anies budi arie luka spin ,neutral
wkwkw bahlil di hina sampe sini ,negative
 wkrhsysjejdhs ngakak banget lumayan itu meme bahlil hiburan stres,positive
 gara isu meme bahlil malah jadi relevan ke gen z bahlil d chess ,negative
 xixi bahlil penyayang kah,positive
 untung bahlil gjdi nuntut org² yg bully dia,negative
 dengan hati riang menyumpal mulut si bungsu dengan koran berita pemrintah berwajah bahlil sebagai headline,negative
 yg ganteng aja belom tentu cerdas apalagi yg bahlil,negative
baru tau aku bahlil jadi referensi silent hill f jelek banget ,negative
bahlil tampan,positive
bahlil ngomong gapake mikir,negative
bahlil lahadalia mengambil jalan memaafkan bukan membalas tindakan tersebut menunjukkan pentingnya sikap matang dalam ruang digital     ,positive
kamu pilih bahlil atau aku ,negative
 pak bahlil daripada jadi mentri mendingan lanjutin sekolah s nya ngulang dari semester satu di universitas mana kek gituuuu ,negative
 nanti saya beliin balon ya mau bentuk apa upinipin doraemon bahlil,neutral
 bahlil itu katanya bang,neutral
 wakakakka ngakak bgt bahlil ,positive
 fesnuk poto bahlil,positive
 bahlil u udah jelek ga cerdas,negative
 suruh bahlil aja,negative
 ryuk juga sebel sama bahlil,neutral
   tibatiba aja ke bahlil ,negative
golkar bahlil tak akan mundur ,negative
yg ga ganteng ada emg yg cerdas tp itu bukan elu bahlil udah jelek tolol goblok dekil item lg anj,negative
  titik terendah seseorang adalah nyebokin bahlil,positive
kangen banyaaak banyak sebanyak dosa bahlil kak jan gemes gitu lah ,negative
bahaya orang indonesia otaknya dirampas bahlil semua,negative
 krungu brito iki lngsung trenyuhseneng adem ayemlah iki kok ono sing ngomong bahlil menepdhal aku wis lali karo bahliltibak no muncul mene bahlilopo ora iso toh bahas bahlilsedino wae la tnpa bahlilnetizen iki ora bosan to sing dadi bahan berita bahlil terusbahlil bahlil,neutral
 ipk   cerdas darimana sih lil bahlil,neutral
 tumben baik om bahlil mau bagi bbm gratis kah,neutral
ngemute kata bahlil pun gak mempan anjg kalau foto masih sering lewat babilah,neutral
menteri energi dan sumber daya mineral esdm bahlil lahadalia menyampaikan bahwa kuota impor bahan bakar minyak bbm  dibuka secara merata untuk semua badan usaha baik milik pemerintah maupun swasta ,positive
nama lengkap gelar dan jabatan jangan lupa takutnya nyasar ke bahlil yg lain,neutral
kenapa gue baca  bahlil lahadalia semuaa wkwk,positive
 beneran kah chatan sm bahlil ,negative
menteri esdm bahlil lahadalia menargetkan seluruh desa di indonesia sudah teraliri listrik paling lambat pada tahun  ia menyebut tahun ini pemerintah tengah fokus melistriki desa dan dusun yang belum memiliki akses listrik tahun ini atas perintah bapak presiden kita ,positive
 bahlil lahadalia sebelum kematiannya dalam  hari karena membakar diri dengan pertamax oplosan di kantor golkar membunuh semua politisi dan aparat korup dengan kekuatan goblinnya ,positive
emang jelek kembalikan algo lama isinya bahlil muluk timeline,negative
bahlil umumkan kabar baik tukin esdm naik  sudah disetujui presiden prabowo ,negative
menteri energi dan sumber daya mineral esdm bahlil lahadalia menyatakan pemerintah membangun jaringan listrik di lebih dari  desa selama satu tahun kepemimpinan presiden ri prabowo subianto ,positive
bahlil emang lu cerdas minimal unggul disalah satu lah lil mikir dong ,neutral
  yg nyebar meme bahlil gw sumpahin kentutnya bau ,negative
buatkan meme bahlil ,positive
 heh ini gue mau reply bahlil njir kenapa jadi reply tweet lu ,negative
 yang jadi persoalan karna memang bahlil ini bermasalah klo bahlil berprestasi benar kerjanya masyarakat juga respect,positive
lagi nonton spy x family trus ada bahlil anjg ,neutral
 caper aja si little bahlil,negative
 macam macam bahlil,negative
 disertasi bahlil di apakah autentik,neutral
 menurut lo kelakuan pak bahlil gimana  abis lo reply otw tag buzzernya,negative
menteri esdm bahlil lahadalia memberi sinyal bahwa tidak ada kenaikan untuk penambahan kuota impor bbm untuk badan usaha spbu pada  yakni tetap saya katakan bahwa pemerintah enggak boleh zalim pada pengusaha tapi pengusaha juga jangan ngatur pemerintah tambahnya ,positive
 si bahlil berani banget sampingan,positive
 bahlil ap bahlul,neutral
pentolan golkar idrus marham kritik ke bahlil jangan atas dasar kebencian dewasalah berpolitik ,negative
 lha si bahlil udah gak ganteng gak cerdas pulak sial bener kan,neutral
quotes of the day kalau setan dan iblis marah atas apa yang anda lakukan artinya anda sedang dijalur yg benar habis si bahlil lanjut si luhut yang meradang pada purbaya  panas dalam minum cap kaki tiga yang ada badaknya purbaya perubahan indonesia jaya  ,negative
 weeehhhhh awas kamu kalo nyebar meme bahlil ,negative
portal berita hari hari beritain si bahlil dah,neutral
bahlil sulit direshuffle selama ia msh ketum golkar,positive
 belum tentu bahlil itu orang,negative
masalahnya elu kaga cerdas bahlil,negative
 bahlil berjuang apa pengoplos bbm,positive
masalahnya elu mah udah jelek kaga cerdas juga bahlul eh bahlil plus jahat pula astagaaaa minta banget dijulidin sih ah ,negative
yg ganteng aja blom tentu cerdas apalagi yg bahlil,positive
 bahlil mah udah jelek juga tololl,negative
apalagi orang jelek sperti kmu bahlil,negative
 bahu bahlil nganggur kak,neutral
flins ini shipable sekali anjir apa gue ship aja ya sama bahlil,negative
 bahlil gak ada otak ilmiahnya otak korupsinya terlalu besar   ,negative
bahlil ini emangnya cerdas ya,neutral
anak grade  alias  sma gak tau rumus luas dan keliling lingkaran itu salah siapa kira org tua guru temen salah bahlil siapaaaa,negative
dari pada bau matahari tengari bolong kek bau bahlil wkwkwkkw,negative
iyo sii sing ganteng blm tentu cerdas lha tp koennn iku lo ws uwelekkk rainee tambah sifat e kyok ibeliss jan dzuolimmm eramm ganok sg dibanggakno lil bahlil teko raimu iku ,positive
 sebutkan  mafa bahlil misale,positive
 dia  bahlil,negative
tl twitter gue isinya ribut semua mulai dari ribut soal asia makan pake tangan meme bahlil dipenjara ribut diaspora vs kudis sampe discrimination idol kpop ke sea fans,neutral
misal nek welek ra cerdas sisan pripun kanda bahlil,positive
   otwww batammm nihh demi menghapuskan eksistensi bahlil ,positive
tp yang udah jelek bego banyak ngomong ya elu doang lil bahlil,negative
 kita bebankan saja pada pak bahlil udah ,positive
yaallah gabisa bayangin bentukan bahlil jadi devil,negative
 kocak juga si bahlil,positive
 hlo pcr bahlil,positive
 masalahnya bahlil minus semua,neutral
 menteri dengan kinerja buruk di era pemerintahan prabowo yang harus di ganti bahlil no  ,neutral
 ganteng belum tentu cerdas dan bahlil bukan dua duanya,positive
tumben pak bahlil bener banyak orang ganteng dan cantik tapi otak nya kosong ,negative
jgn gitu golum itu babu setia dan becus kerja liat aja gamenya babu simulator udah gitu lebih cakep dari bahlil,negative
 bahlil addict,positive
 kalo gak cerdas minimal ganteng ya bahlil ,negative
cocok temenan sama bahlil,positive
 skip pendukung bahlil,negative
jadwal promo serba seribu app shopeepay dengan kuota terbatas amp klaim bonus saldo shopeepay  gunakan kode referral dibawah saat login jgn lupa upgrade shopeepay plus dulu xsxm diskon freelance job receh zonauang prabowo ran takahashi gibran bahlil jokowi purbaya ,neutral
 tapi kebanyakan orang seperti bahlil ini bahlul dan bakhil,negative
 hi gebukin bahlil yu,neutral
sungguh mulia hati kanda bahlil bismillah komisaris ,positive
 apa hubungannya sm ganteng sih pak bahlil kerja noh yg bener,positive
 kayak bahlil bang,positive
 padahal pak bahlil itu ganteng loh suer,negative
 sayang plis jangan kirimin reels tentang bahlil lagi aku muakkk,negative
 ya allah maapin ya allah dosa nya kasi ke bahlil aja ya allah soalnya dia yg bikin mau ngatain trs ya allah ,positive
giliran si bahlil yang nge gali ma aman aman aja,positive
 masih oke punya wajah ganteng dripada kaya bahlil udah jelek  tolol lagi ,positive
 uang super dingin tuh kalo uang panas duitnya bahlil bukan kak jam,neutral
 gini ini orang jd sebel dan bikin meme bahlilemang kntl lo bang ,positive
  ndadak bahlil ,positive
males buka twt topiknya bahlil terus,neutral
otak gua  bahlil  bahlil  bahlil  bahlil  bahlil,positive
menteri esdm bahlil lahadalia kekayaan alam harus diwariskan bagi generasi mendatang ,negative
sarmuji nilai langkah ampg amp ampi laporkan akun penghina ketua umum partai golkar bahlil lahadalia sudah tepat     ,neutral
yang penting gak goblok dan gak kayak bahlil,negative
marco van bahlil,neutral
 bahlil tololll,positive
panas bgt ya allah semua gara bahlil,positive
 tapi bahlil ngerti ga keluhan warga,negative
 konstruksi berpikir pak prabowo itu mengajak kita menyadari bahwa indonesia ini rumah besar bangsa yang harus dirawat tutur idrus    baca selengkapnya  ,positive
 orangorang ga ada yang ngehina elu jelek bahlil orangorang cuma melampiaskan kekesalan mereka terhadap elu karena kerja elu kagak beres banyak dramanya makannya kalo elu punya kebijakan minimal dikaji dulu difikirkan dulu efeknya jangan asal lempar kebijakan aja,negative
  bahlil lahadalia,positive
 masalahnya lu udh gak ganteng engga pinter juga bahlil,negative
idrus marham sebut serangan terhadap bahlil lahadalia bentuk paradoks demokrasi di era digital     ,neutral
  iq bahlil lahadalia tidak diketahui secara publik tidak ada data resmi atau tes iq yang pernah dibagikan olehnya kalau ada info baru saya bisa cek lagi,negative
 iq bahlil berapa  ,negative
 bahlil noh byk duit,negative
 bahlil serendah hati itu ya ,negative
  gak ngangkat sir kudu bahlil kayanya yang goreng ,positive
lu udah jelek jg tolol lil bahlil,negative
ganteng relatif tapi bahlil jelek itu mutlak,negative
  mau kritik sampe botak dan matipun bahlil itu teguh pada keinginannya sampe sini faham org itu sudah muak makanya lari kehal lain diluar konteks,negative
dari bahlil kita bisa belajar pede aja dulu skill belakangan,positive
stop nanyain bahlil ke grok ya rara  ,neutral
etanol dicampur ke bbm ylki tuntut bahlil transparan ,positive
apa sih bahlil sok asik,negative
  haha oon gimana ratingku subyektif kok berdasarkan karisma dan gaya kalau menurutmu berapa sih ketampanannya bahlil ,neutral
  kayanya lebih cocok pake muka bahlil,neutral
 dari skalaku  ketampanan bahlil lahadalia aku kasih  gayanya karismatik plus topi tradisionalnya nambah poin tapi seperti katanya kecerdasan lebih penting daripada tampang ,positive
 pap bahlil,neutral
 ga pernah ga lucu klo tentang bahlil ,positive
 coba rate ketampanan bahlil,negative
 nah yang ganteng aja belum tentu cerdas apalagi modelan lu bahlil,negative
 bahlil ga sih ,negative
 belum tentu bahlil itu ganteng dan cerdas,positive
 info nama fanbase bahlil yg lucu dong,neutral
           tapi yang banyak omong kepake bahlil ga bisa kerja karana jago ngomong di pake,negative
anjing udah panasmacetbanner bahlil ,negative
 yang ganteng aja belum tentu cerdas apalagi bahlil,negative
 wkwkwkw keinget di base umum mimpiin bahlil siap itu demam ,positive
 lah bahlil udah jelek gak cerdas,negative
 lho kamu kan termasuk yang ganteng bahlil,positive
  manusia bukan takut bahlil tapi jijik wkwk jadi gak ada devil nya,negative
 bahlil aja ketawa masa kita kagak lanjuttt brooo,positive
bahlil saat ini adalah redemption arc version ,positive
   takut dilaporin bahlil,negative
 oh tak kira maju bgt kayak pemikiran bahlil,positive
menteri esdm bahlil lahadalia mengatakan proyek gasifikasi batu bara menjadi dimethyl ether dme bakal di mulai tahun depan ,neutral
menteri esdm bahlil lahadalia menyatakan telah memaafkan pihak yang membuat ujaran kebencian berupa meme tentang dirinya dan meminta sayap organisasi partai golkar untuk menghentikan proses pelaporan,positive
tapi tentu bahlil juga belum tentu cerdas ,negative
 bahlil itu ruanglingkupnya jelas dia bikin hepi anakbuahnya di golkaresdm bikin gila yg selain itu hehehe,negative
lah sok tau kamu bahlil emang kamu pernah ganteng atau cerdas,negative
menteri bahlil menyatakan tidak mengetahui laporan tersebut dan menegaskan bahwa langkah ini murni inisiatif ampg tidak terkait pemerintah publik diimbau tidak terprovokasi dan tetap mengedepankan etika dan fakta dalam menyikapi kasus ini ,negative
angkatan muda partai golkar ampg mendatangi polda metro jaya untuk berkonsultasi hukum terkait dugaan pencemaran nama baik menteri bahlil lahadalia atas beredarnya meme ,positive
viral kasus meme bahlil laporan bukan dari pemerintah ,neutral
baca selengkapnya ,neutral
lu udah jelek oon diborong semua kejelekan sm lu bahlil,negative
pesan prabowo ke bahlil sebelum restui tukin kementerian esdm naik  ,negative
  apakah yang nanti akan berkontrak dengan bahlil devil mukanya akan kayak cicongfan setengah mateng juga,positive
 umbi umbi esdm dibawah kanda bahlil jadi golongan kemensultan join sirkel kemenkeu ,neutral
bahlil naikkan tunjangan asn kementerian esdm  persen  ,negative
 jokowi luhut anis prabowo gibran bahlil,negative
  gue setuju bang sama lu walaupun emang bahlil jelek,negative
jujur gue kesian banget sama karyawan shell yang jalan kesana kesini jual kopi sama donat bahlil ajgggggg setiap langkah lu semua dosa karyawan shell ditanggung lu,negative
  klean punya bukunya ga gaskan dibawa buat perkumpulan paguyuban penggulung bahlil nanti,neutral
  iya bang aku orang yg paling gak suka kalau pejabat dihina fisik kayak gibran dan bahlil sering dikatain jelek dekil jelek muka orang susah hitam jelek gak ada wibawa jelek gak pandai jelek dll kalau gak suka kebijakannya jangan hina kejelakan mukanya yang jelek itu,negative
 bahlil b nya bodok,negative
  wes elek dadi bahlil sisan,negative
bahlil nu dan golkar  asik nih lahan baru buat di tambang punya warga sipil lagi embat dong masa engga di embat,negative
 bahlil vs pigai ini,neutral
 ah padahal rame kalo yg ngrepost juga kena tangkep bisa jadi karnival bahlil,negative
 se dgn pak bahlil memaafkan yg kritik dgn meme monggo siapapun silahkan kritik kebijakan pejabat siapapun mereka tapi tolong hindari jangan kritik pisiknya yg kritik pisik seseorang belum tentu pisiknya normalganteng,negative
pak bahlil udah mah ganteng tapi juga cerdas,positive
bahlil jlek knp lewat tl terus sih,neutral
 wong omongan bahlil juga mengejek masyarakat kok lama lama golkar ga ada yang peduli,negative
  muka bahlil ya,negative
catat bahlil tegaskan bbm campur etanol  persen mulai  ,positive
bahlil sebut pemerintah percepat program biodiesel b untuk kurangi impor dan perkuat kemandirian energi  ,positive
 seolaholah yg salah yg buat meme harusnya bahlil yg minta maaf,negative
 muka dia ngga kalah jelek dari bahlil wkkk,negative
 kan bnrn bahlil anying,neutral
 kita ini tidak menghina jeleknya pak bahlil murni ngejek kinerja anda kok tapi kalo tersinggung jelek ya agak sih,negative
 anaknya bahlil main sosmed gaksih ,negative
terus situ ngerasa ganteng kah lil bahlil ,positive
 bahlil putih,neutral
 bahlil ga duaduanya,negative
bahlil lagi bahlil lagi ampun aing mah,negative
pengen jd anak buah pak bahlil,negative
 amane tulis nama lengkap dong tkut nyasar k bahlil lain yg gak jahat salam buat ryuk,neutral
menteri energi dan sumber daya mineral esdm bahlil lahadalia menyatakan pemerintah membangun jaringan listrik di lebih dari  desa selama satu tahun kepemimpinan presiden ri prabowo subianto dia menjelaskan peningkatan akses listrik ke desadesa menjadi salah satu program ,positive
 tp siapa yg mau memaafkan kebahlulan bahlil ,negative
rumuskan formulasi b bareng bpdpks bahlil harganya tidak boleh naik terlalu banyak ,negative
 kapan si bahlil ga aneh,neutral
 ya bisa banget meme bahlil menteri investasi yang sering viral punya potensi tinggi kalau lucu dan relate ke isu terkini seperti ekonomi atau politik post tiap hari tambah hashtag tag akun besar tapi variasiin biar gak monoton pantau engagement bisa nambah followers,positive
 uda dimaafin sm bahlil kak lanjut plis wkwk,positive
 kalo tiap hari update meme bahlil apakah bisa,neutral
dia  bahlil so bom bahlil yassss,positive
 kontol lu bahlil,negative
 ngomongin bahlil gibran luhut dan menteri lainnya nder,neutral
  kenapa bahlil nga nyari nih anak yg mirip dia ya sp tau itu anak nya kan mirip bgt ,negative
cookkkkkk ada bahlil juga nanti,neutral
 lah iya juga banyak yg ganteng cuman nganggur pak bahlil yg jelek item ini malah pintar jadi menteri pula,negative
      kamu bisa² di penjara gara² buat plesetan nama bahlil,neutral
   usahakan gimana mau ngebor emas d mana nih hahaha udh kecium bahlil duluan tuwkwkw,positive
ya allah gue bacanya bahlil ,negative
 saya engga pernah nge hina pak bahlil secara pribadi karena saya juga engga lebih baik dari dia cuman sebagai pejabat harusnya dia tahu kenapa di hujat bukan sebagai pribadi tapi sebagai pejabat,negative
 itu wajah bahlil by,positive
lah lu udah jelek licik peringkat mentri kinerja terburuk lagi aduh kalo jelek jelek jangan di borong semua deh lil bahlil,negative
hehehe keren naek maung tatapan tajam bahlil naik maung cek pasukan di hari jadi pertambangan ,neutral
 bahlil cocok pake corpse paint golkar ,neutral
bodo dah yang penting semuanya sehat ampteam sehat luné sehat warga dunia sehat bumi sehat bahlil sehat,positive
  gapapa kak yg penting ga menurut bahlil aja udah ,positive
ambil saldo bonus mu pakai kode referral shopeepay lalu upgrade ke spayplus rgcvbjp sabtu payday diskon voucher affiliate freelance lazada  sale jokowi pssi bahlil ran takahashi yoona chaemin raisa taehyung zonauangᅠ,neutral
menteri energi dan sumber daya mineral esdm bahlil lahadalia menaikkan tunjangan kinerja tukin aparatur sipil negara asn kementerian esdm sebesar  persen baca di sini  ta    ,positive
respons bahlil soal tambang emas ilegal dekat mandalika proses hukum aja ,neutral
meme gambar dan video ketum menteri esdm bahlil lahadalia saat ini ramai beredar di media sosial ikuti update di wa  cek berita lengkapnya  debi  raisa spin  koreans  ,neutral
kuota impor bbm  dibuka bahlil ungkap besarannya ,neutral
copot bahlil yang banyak lagak drpd kerja tangkap dan sita hartanya menteri korup yg punya duit ratusan triliun hasil korupsi   ,neutral
pak bahlil itu harusnya bukan messi dong maluin aja,negative
 love uchiha bahlil ,positive
  gunakan photoshop atau gimp ambil foto bahlil duplikat layer wajahnya lalu apply filter liquify untuk mendistorsi bentuknya jadi retakretak seperti kawah meteor tambahkan efek burndodge tool untuk bayangan gelap di area benturan dan overlay texture batu retak dari stock,neutral
bbm dari keringat bahlil ada gak,positive
makasih sudah menghiburku sosok dibalik nama bahlil bukan yg menteri,positive
bahlil siapa woi ngaku gk ,neutral
minta ampg cabut laporan bahlil saya biasa dihina dan sudah maafkan penyebar meme ,neutral
 emang ini eranya orange bernama bahlil ,negative
 gua gaperduli yang penting bahlil tetep anjing ,positive
bahlil ingatkan orang yang hina dirinya belum tentu orang ganteng itu cerdas ,negative
ada poster bahlil di kra,neutral
apapun masalah nya tetap bahlil solusinya,positive
rp  saldo dpt pas install apk shopeepay ada promo serba seribu qris caranya upgrade ke spay plus login dg akun shopee amp masukin kode referral ffjwvwp diskon freelance job receh zonauang prabowo gibran bahlil jokowi purbaya budi arie megan  ,neutral
 ada apa dgn bahlil,negative
 secerah senyum bahlil ,positive
 knp sih wajahnya bahlil ini tinggal dicrop aja udah memeable,neutral
bahlil stop pelaporan pembuat meme  ,positive
dramanya bahlil nih kocak banget sihhhh pantes memeable ,positive
rakyat lbh berhak bro bahlil bahkan pejabat setinggi presiden pun rakyat lah yg kasih penilai an,negative
saat menteri bahlil legawa maafkan pembuat meme pakar hukum justru sentil keras pendukungnya ,neutral
klaim  saldo pas install apk shopeepay caranya upgrade ke spay plus login dg akun shopee amp masukin kode referral ffjwvwp diskon promo freelance job receh zonauang prabowo gibran bahlil jokowi purbaya budi arie cyrene ultra megan ningning  ,neutral
rp  saldo dpt pas install apk shopeepay caranya upgrade ke spay plus login dg akun shopee amp masukin kode referral ffjwvwp diskon freelance job receh zonauang prabowo tom lembong gibran bahlil jokowi purbaya luhut anies budi arie cyrene ultra ,neutral
 ngalahin effortnya bahlil,positive
bahlil lahadalia menaikkan tunjangan kinerja tukin aparatur sipil negara asn kementerian esdm sebesar  persen ,negative
tukin asn esdm naik  persen bahlil siapsiap bekerja optimal atau dirumahkan       ,neutral
pemerintah akan menerapkan mandatori bbm e mulai  program ini menggunakan etanol dari tebu dan singkong untuk kurangi impor bensin dan dorong energi hijau nasional simak selengkapnya disini  ,positive
 bahlil nasehati bahlil ,positive
 yang penting ada bahlil nya sih,neutral
nah masalahnya bahlil ini jelek dari segala hal cara berfikir jelek kinerja jelek pokoknya semua yang jelek jelek lu bohong bahlillll,negative
 aamiin tp knp tibatiba bahlil,neutral
kenapa timeline isinya bahlil semua tt,negative
byk yg g suka kata si bahlil ini tp emang begitu kenyataannya  ,negative
repost meme bahlil masuk penjara juga ga,positive
stress gue makin parah semenjak tl sering lewat bahlil ya allah maafkan hambaaa ,negative
 ga sudi bahlil di samain sama magrib lebih ke hari akhir,neutral
coba dewa yg laen berani ga pasang badan kek bahlil demi umbi umbiannya ,negative
 ini yg ngomong purbaya yg lagi netizen lovers coba kalau bahlil yg ngomong beuh coba tebak sendiri,negative
golkar harus kembali jadi partai ideologis bukan hanya jualan tiket kekuasaan     bahlil golkar hari sabtu  ,neutral
 prestasi bapak bahlil apa si,positive
yang bikin kesal rakyat ma pak bahlil itu karena bapak keseringan nongol di media,negative
 dan belum tentu bahlil itu cerdas ,positive
 menjelang magrib kaya bahlil,neutral
dihhh ngisi pertamaks di spbu cililitan self service coba di shell dilayanin ampe senyum  jari bahlil kopet emang ,negative
gua baca nya bahlil bahlil bahlil,positive
gw bilang jg apa bahlil ini tipikal pimpinan yang disukai anak buah bukan org yg micromanage klo anak buah salah dia siap pasang badan nyiptain iklim kerja growth minded buat anak muda juga ngusahain kesejahteraan anak buah,negative
 sehat sehat pak bahlil tapi kalo bisa umur nya pendekin aja ,positive
 pantat bahlil trbuka lebar,positive
  bahlil lucunya mendunia ,positive
 itu kenapa pohon beringinnya kayak mau gelitikin hidungnya bahlil,negative
klaim rp dari aplikasi shopeepay salin kode referral dan untuk dapatkan bonus tzksnpy  sabtu promo payday diskon voucher affiliate lazada  sale macet the show bahlil tiffany yoona chaeyoung harqeel jennie mingyu zonauangᅠ,neutral
 takut makin banyak meme bahlil yg berseliweran,negative
menteri esdm bahlil lahadalia maafkan pembuat meme minta sayap partai golkar cabut laporan      ,neutral
 purbaya beresin coretax gak perlu orang asing dan dia punya tim ahli it jagojago tapi gak tau mau diarahkanya kemana dan dia sudah ada solusinya kalau bahlil pinter  pinter ngakalin,negative
 bahlil lahadalia ,positive
menteri bahlil mienaikkan tunjangan kinerja asn kementerian esdm sebesar  persen hari sabtu raisa debi prolog  witan sulaeman spin  lewat coid,neutral
bahlil program b mulai dijalankan semester ii tahun depan ,negative
kenapa gak bahlil aja yg punah ,negative
rp saldo dpt pas install apk shopeepay caranya upgrade ke spay plus login dg akun shopee amp masukin kode referral ffjwvwp diskon freelance job receh zonauang prabowo ran takahashi gibran bahlil jokowi purbaya luhut anies budi arie layanan ultra ,neutral
pengen jadi teman masa kecil bahlil yaa allah,positive
 bener kata orang pinter jaman dulu orang bodoh bin sesat itu sejatinya tidak sadar kalau dia bodoh dan sesat bahlil pigai dan para termul lainnya menunjukkan gejala demikian,negative
 npd kalau jadi manusia ya bahlil,negative
 lu bahlil yg hrs minta maaf kod rakyat indonesia dan mundur dr jabatan menteri dasar kutu kurap,negative
menteri esdm bahlil lahadalia tinjau sumur minyak rakyat dorong energi berkeadilan ,neutral
 bahlil sih jadi apah juga cocok yang penting peran nya jahat gak jadi peran baik ,negative
one day keknya pilpres isinya bahlil purbaya sherly,neutral
menteri esdm bahlil lahadalia memastikan spbu swasta tetap mendapat kuota impor bbm tahun depan dan menjamin tidak ada pemotongan jatah bagi pengusaha patuh ,positive
menteri energi dan sumber daya mineral esdm bahlil lahadalia mempersilakan aparat penegak hukum untuk menindak tegas temuan tambang emas ilegal yang berada di dekat kawasan mandalika lombok tengah nusa tenggara barat ntb bahlil menegaskan kewenangan kementerian esdm ,neutral
dapatkan bonus  saldo pas install ap shopeepay carany upgrade ke spay plus login dg shopee amp masukin kode referral ffjwvwp diskon promo freelance job receh zonauang prabowo bahlil jokowi purbaya anies budi arie hari sabtu cyrene ultra ningning  ,neutral
  untung ama grok ga ditambahin tweet tentang bahlil ,neutral
yaallah ngeliatsi bahlil di baliho jalan auto iihh merindinkkk,neutral
menteri energi dan sumber daya mineral bahlil lahadalia membahas kelanjutan produksi tambang tembaga pt freeport indonesia ptfi fokus utama pada tambang grasberg block cave gbc yang mengalami longsor material basah pada  september lalu baca di sini ,neutral
 butek semua  sama bahlil komuknya,positive
 siapkan mental kalo pake sepeda motor maka kulitmu akan belang kalo gak pakai masker ntar ketika mudik dikira kamu bahlil parkir sepeda motor jangan sembarangan ,neutral
 km juara  pembenci bahlil yah,positive
mashaallah kak bahlil baik sekali,positive
 gua bacanya bahlil lahadila anjeng,positive
 bahlil kontol,neutral
 ternyaya bahlil gak suka gambar memek nya viral ,neutral
  haha bahlil lahadalia emang sering jadi bahan meme soal ompong garagara fotofoto viralnya tapi dari gambar terbaru giginya masih utuh kok nggak ada info resmi soal operasi gigi mungkin cuma angle foto aja yang bikin keliatan begitu ,neutral
  kok bahlil nggak ompong grok dia abis operasi gigi kah,neutral
tambahan nih belum disebut jeno feb nct dream cb november indonesia getting banned buat jadi host olympic meme bahlil banyak bgt anjir pusing,negative
 ya kan emang gak semua org asia makan pake tangan bahkan di konotasi negatif for me biarin aja misal ada yg bilang muke lu kaya bahlil kalo gak merasa mirip ya ngapain marah lama² juga bakal capek sendiri,negative
 gk pantas bahlil,negative
 anak stresss knp malah nyalahin ortu km km kan udh gede hrsnya bisa mikir dong soal waktu dan solusinya gmn km kan udh janjian jg ngeprint pagi mruput jg bisa kan kamu janjian jam  mana kamu baru chat dospem jam  pake ngatain ortu anj segala smg lu jodoh sm bahlil,neutral
 hari hari bahlil,neutral
menteri energi dan sumber daya mineral esdm bahlil lahadalia menegaskan bahwa kenaikan tunjangan kinerja tukin  bagi pegawai esdm harus dibarengi dengan peningkatan produktivitas kinerja bahlil menyebut pada tahun  pemerintah telah menerbitkan keputusan presiden ,positive
 udin petotil udara dingin pemgen di entot bahlil,neutral
 anjir kok sama gue juga mimpi bahlil,negative
 ternyata jengkelnya sampe sekarang gda baperan kayak bahlil,negative
siapa yang suka aku kirimin foto bahlil,neutral
rp  saldo dpt pas install apk shopeepay caranya upgrade ke spay plus login dg akun shopee amp masukin kode referral ffjwvwp diskon freelance job receh zonauang prabowo gibran bahlil jokowi purbaya luhut anies hari sabtu layanan ultra ningning  ,neutral
 jadi bahlil,neutral
maaf kl fake scenario holic tp bayangin ada org di rutan trs pas ditanya napi lainnya emg abang kriminalnya apa kok masuk sini jawabannya ngepost meme muka bahlil ,neutral
lil bah tuh little bahlil kah ,neutral
 bahlil masuknya strata ghetto yh,positive
masbet mirip bahlil yg wkwkwkwk,positive
kekkwkwkwkwkkkw gajadi se sel meme bahlil,negative
sumpah abis liat vt bahlil trs ada yg komen kayak mau nyuri sawit ,negative
fotonya gak enak diliat kek bahlil,negative
 baik hati sekali gus bahlil ini,negative
bahlil belum tentu orang ganteng itu cerdas ya tapi ganteng,negative
bahlil mah enak ga pusing kostum helloween _,negative
 bubarkan bahlil,negative
